{
  "hash": "5a14fca1",
  "configHash": "fec94b5d",
  "lockfileHash": "dd48106b",
  "browserHash": "405faa40",
  "optimized": {
    "@angular/cdk/layout": {
      "src": "../../../../../node_modules/@angular/cdk/fesm2022/layout.mjs",
      "file": "@angular_cdk_layout.js",
      "fileHash": "c8b4b503",
      "needsInterop": false
    },
    "@angular/common": {
      "src": "../../../../../node_modules/@angular/common/fesm2022/common.mjs",
      "file": "@angular_common.js",
      "fileHash": "d3637c5b",
      "needsInterop": false
    },
    "@angular/core": {
      "src": "../../../../../node_modules/@angular/core/fesm2022/core.mjs",
      "file": "@angular_core.js",
      "fileHash": "01f431e6",
      "needsInterop": false
    },
    "@angular/material/button": {
      "src": "../../../../../node_modules/@angular/material/fesm2022/button.mjs",
      "file": "@angular_material_button.js",
      "fileHash": "fd62209b",
      "needsInterop": false
    },
    "@angular/material/icon": {
      "src": "../../../../../node_modules/@angular/material/fesm2022/icon.mjs",
      "file": "@angular_material_icon.js",
      "fileHash": "e2b4f600",
      "needsInterop": false
    },
    "@angular/material/list": {
      "src": "../../../../../node_modules/@angular/material/fesm2022/list.mjs",
      "file": "@angular_material_list.js",
      "fileHash": "6936ac13",
      "needsInterop": false
    },
    "@angular/material/sidenav": {
      "src": "../../../../../node_modules/@angular/material/fesm2022/sidenav.mjs",
      "file": "@angular_material_sidenav.js",
      "fileHash": "5aa23ae1",
      "needsInterop": false
    },
    "@angular/material/toolbar": {
      "src": "../../../../../node_modules/@angular/material/fesm2022/toolbar.mjs",
      "file": "@angular_material_toolbar.js",
      "fileHash": "15188bb9",
      "needsInterop": false
    },
    "@angular/platform-browser": {
      "src": "../../../../../node_modules/@angular/platform-browser/fesm2022/platform-browser.mjs",
      "file": "@angular_platform-browser.js",
      "fileHash": "457dea8a",
      "needsInterop": false
    },
    "@angular/platform-browser/animations/async": {
      "src": "../../../../../node_modules/@angular/platform-browser/fesm2022/animations/async.mjs",
      "file": "@angular_platform-browser_animations_async.js",
      "fileHash": "88571a8f",
      "needsInterop": false
    },
    "@angular/router": {
      "src": "../../../../../node_modules/@angular/router/fesm2022/router.mjs",
      "file": "@angular_router.js",
      "fileHash": "685857cc",
      "needsInterop": false
    },
    "rxjs/operators": {
      "src": "../../../../../node_modules/rxjs/dist/esm5/operators/index.js",
      "file": "rxjs_operators.js",
      "fileHash": "ee6c0bd7",
      "needsInterop": false
    },
    "@angular/material/paginator": {
      "src": "../../../../../node_modules/@angular/material/fesm2022/paginator.mjs",
      "file": "@angular_material_paginator.js",
      "fileHash": "a207d1dd",
      "needsInterop": false
    },
    "@angular/material/table": {
      "src": "../../../../../node_modules/@angular/material/fesm2022/table.mjs",
      "file": "@angular_material_table.js",
      "fileHash": "e4f3350d",
      "needsInterop": false
    },
    "@angular/material/card": {
      "src": "../../../../../node_modules/@angular/material/fesm2022/card.mjs",
      "file": "@angular_material_card.js",
      "fileHash": "6e731c92",
      "needsInterop": false
    },
    "@angular/material/sort": {
      "src": "../../../../../node_modules/@angular/material/fesm2022/sort.mjs",
      "file": "@angular_material_sort.js",
      "fileHash": "fc94e843",
      "needsInterop": false
    },
    "@angular/material/input": {
      "src": "../../../../../node_modules/@angular/material/fesm2022/input.mjs",
      "file": "@angular_material_input.js",
      "fileHash": "ddb64072",
      "needsInterop": false
    },
    "@angular/cdk/a11y": {
      "src": "../../../../../node_modules/@angular/cdk/fesm2022/a11y.mjs",
      "file": "@angular_cdk_a11y.js",
      "fileHash": "66a44c0e",
      "needsInterop": false
    },
    "@angular/material/form-field": {
      "src": "../../../../../node_modules/@angular/material/fesm2022/form-field.mjs",
      "file": "@angular_material_form-field.js",
      "fileHash": "ac45ab40",
      "needsInterop": false
    },
    "@angular/flex-layout": {
      "src": "../../../../../node_modules/@angular/flex-layout/fesm2020/angular-flex-layout.mjs",
      "file": "@angular_flex-layout.js",
      "fileHash": "93e72e2f",
      "needsInterop": false
    },
    "@angular/flex-layout/flex": {
      "src": "../../../../../node_modules/@angular/flex-layout/fesm2020/angular-flex-layout-flex.mjs",
      "file": "@angular_flex-layout_flex.js",
      "fileHash": "6a4e5949",
      "needsInterop": false
    },
    "@angular/material/tooltip": {
      "src": "../../../../../node_modules/@angular/material/fesm2022/tooltip.mjs",
      "file": "@angular_material_tooltip.js",
      "fileHash": "24914eb5",
      "needsInterop": false
    }
  },
  "chunks": {
    "chunk-PC2V6UMK": {
      "file": "chunk-PC2V6UMK.js"
    },
    "browser-ZDKDWZ65": {
      "file": "browser-ZDKDWZ65.js"
    },
    "chunk-FTUAJI6E": {
      "file": "chunk-FTUAJI6E.js"
    },
    "chunk-EIPVO75E": {
      "file": "chunk-EIPVO75E.js"
    },
    "chunk-SLTWNL2N": {
      "file": "chunk-SLTWNL2N.js"
    },
    "chunk-J4ZVHKZO": {
      "file": "chunk-J4ZVHKZO.js"
    },
    "chunk-L2WQKC2I": {
      "file": "chunk-L2WQKC2I.js"
    },
    "chunk-GTO4E5PX": {
      "file": "chunk-GTO4E5PX.js"
    },
    "chunk-E4S2PKUA": {
      "file": "chunk-E4S2PKUA.js"
    },
    "chunk-5WIKECVA": {
      "file": "chunk-5WIKECVA.js"
    },
    "chunk-S4MYSUJ4": {
      "file": "chunk-S4MYSUJ4.js"
    },
    "chunk-YR6Q7LWN": {
      "file": "chunk-YR6Q7LWN.js"
    },
    "chunk-TWIYYYN4": {
      "file": "chunk-TWIYYYN4.js"
    },
    "chunk-G4ZQM4R6": {
      "file": "chunk-G4ZQM4R6.js"
    },
    "chunk-4EHUQSGC": {
      "file": "chunk-4EHUQSGC.js"
    },
    "chunk-3QLPQU54": {
      "file": "chunk-3QLPQU54.js"
    },
    "chunk-THGNCAUG": {
      "file": "chunk-THGNCAUG.js"
    },
    "chunk-LEUFS2YL": {
      "file": "chunk-LEUFS2YL.js"
    }
  }
}